{
  "adapter": "logic",
  "architecture": "houlsby",
  "train_size": 938,
  "test_size": 166,
  "accuracy": 0.5421686746987951,
  "f1": 0.6082474226804123,
  "report": {
    "0": {
      "precision": 0.4492753623188406,
      "recall": 0.4492753623188406,
      "f1-score": 0.4492753623188406,
      "support": 69.0
    },
    "1": {
      "precision": 0.6082474226804123,
      "recall": 0.6082474226804123,
      "f1-score": 0.6082474226804123,
      "support": 97.0
    },
    "accuracy": 0.5421686746987951,
    "macro avg": {
      "precision": 0.5287613924996264,
      "recall": 0.5287613924996264,
      "f1-score": 0.5287613924996264,
      "support": 166.0
    },
    "weighted avg": {
      "precision": 0.5421686746987951,
      "recall": 0.5421686746987951,
      "f1-score": 0.5421686746987951,
      "support": 166.0
    }
  }
}